{"Banned":false,"Email":"xboxcreepersplays@gmail.com","IsAdmin":true,"Password":"test123","Policys":[{"Address":"The Engine Shed","Business":true,"DOB":"12/09/2003","Drivers":3,"Financed":false,"FirstName":"Scott","Gender":"Male","Incidents":0,"Kms":0,"LastName":"TB","Length":24,"Model":"Class 15A Garratt","Modifications":false,"Registration":"No. 398","Status":true,"Type":"Steam Locomotive","User":"xboxcreepersplays@gmail.com","Value":150000.0,"ValueOfMods":0.0},{"Address":"2 Rothsay Rd","Business":false,"DOB":"12/09/2003","Drivers":1,"Financed":false,"FirstName":"Scott","Gender":"Male","Incidents":0,"Kms":0,"LastName":"TB","Length":24,"Model":"2002 Mazda Atenza","Modifications":false,"Registration":"ESH508","Status":true,"Type":"Car","User":"xboxcreepersplays@gmail.com","Value":4000.0,"ValueOfMods":0.0},{"Address":"The Engine Shed","Business":true,"DOB":"12/09/2003","Drivers":3,"Financed":false,"FirstName":"Scott","Gender":"Male","Incidents":0,"Kms":30000,"LastName":"TB","Length":24,"Model":"NZGR Class Ja Locomotive","Modifications":true,"Registration":"Ja 1271","Status":true,"Type":"Steam Locomotive","User":"xboxcreepersplays@gmail.com","Value":500000.0,"ValueOfMods":150000.0}],"RootUser":true,"Username":"Rage"}